ssn|cc_num|first|last|gender|street|city|state|zip|lat|long|city_pop|job|dob|acct_num|profile|trans_num|trans_date|trans_time|unix_time|category|amt|is_fraud|merchant|merch_lat|merch_long
787-73-9024|3596279071781870|Briana|Middleton|F|661 Burke Green|Conner|MT|59827|45.919|-114.059|300|Financial controller|2003-08-27|852138600639|young_adults_female_rural.json|a9226a4dae177b3da82cc102984cb9ae|2025-01-03|07:40:57|1735890057|grocery_pos|324.71|1|fraud_O'Keefe-Hudson|45.847326|-114.949056
787-73-9024|3596279071781870|Briana|Middleton|F|661 Burke Green|Conner|MT|59827|45.919|-114.059|300|Financial controller|2003-08-27|852138600639|young_adults_female_rural.json|48fd857f269e9a3803db626c0b3a633b|2025-01-03|02:25:25|1735871125|grocery_pos|311.06|1|fraud_McDermott-Weimann|46.228502|-114.989934
787-73-9024|3596279071781870|Briana|Middleton|F|661 Burke Green|Conner|MT|59827|45.919|-114.059|300|Financial controller|2003-08-27|852138600639|young_adults_female_rural.json|43c8431ba480884de9b43e680ae9d1f2|2025-01-03|22:47:56|1735944476|misc_net|701.74|1|fraud_Ruecker Group|45.254609|-113.081287
787-73-9024|3596279071781870|Briana|Middleton|F|661 Burke Green|Conner|MT|59827|45.919|-114.059|300|Financial controller|2003-08-27|852138600639|young_adults_female_rural.json|f8bc36a5fa0b3a1692dbefd0332849ff|2025-01-03|23:02:29|1735945349|misc_pos|919.41|1|fraud_Turner, Ruecker and Parisian|45.072158|-114.264284
787-73-9024|3596279071781870|Briana|Middleton|F|661 Burke Green|Conner|MT|59827|45.919|-114.059|300|Financial controller|2003-08-27|852138600639|young_adults_female_rural.json|0f49f224c7d60c12df014f5782622a96|2025-01-03|23:48:22|1735948102|misc_net|8.23|1|fraud_Rodriguez, Yost and Jenkins|45.770598|-114.913974
787-73-9024|3596279071781870|Briana|Middleton|F|661 Burke Green|Conner|MT|59827|45.919|-114.059|300|Financial controller|2003-08-27|852138600639|young_adults_female_rural.json|e6a44fadf728b67d3f19f7f88928ce1e|2025-01-03|23:51:33|1735948293|shopping_net|957.19|1|fraud_Auer-West|44.999671|-113.156136
787-73-9024|3596279071781870|Briana|Middleton|F|661 Burke Green|Conner|MT|59827|45.919|-114.059|300|Financial controller|2003-08-27|852138600639|young_adults_female_rural.json|e56462ac47a5bd41011ff1dc6035e03a|2025-01-03|23:22:08|1735946528|shopping_net|1061.25|1|fraud_Predovic Inc|45.728374|-113.641464
787-73-9024|3596279071781870|Briana|Middleton|F|661 Burke Green|Conner|MT|59827|45.919|-114.059|300|Financial controller|2003-08-27|852138600639|young_adults_female_rural.json|d0026c1f748482004cb997093b3a26c1|2025-01-03|22:11:23|1735942283|personal_care|992.97|1|fraud_Reichel LLC|46.684953|-114.941049
787-73-9024|3596279071781870|Briana|Middleton|F|661 Burke Green|Conner|MT|59827|45.919|-114.059|300|Financial controller|2003-08-27|852138600639|young_adults_female_rural.json|0b3c14f16918ee4309fddbc578add1f6|2025-01-03|23:05:58|1735945558|shopping_net|20.49|1|fraud_Gottlieb, Considine and Schultz|46.080537|-114.657141
787-73-9024|3596279071781870|Briana|Middleton|F|661 Burke Green|Conner|MT|59827|45.919|-114.059|300|Financial controller|2003-08-27|852138600639|young_adults_female_rural.json|317960fd7d9535d8c8f5c8f7d72d0884|2025-01-01|09:00:57|1735722057|gas_transport|60.34|0|fraud_Schmitt Inc|45.072692|-115.031250
787-73-9024|3596279071781870|Briana|Middleton|F|661 Burke Green|Conner|MT|59827|45.919|-114.059|300|Financial controller|2003-08-27|852138600639|young_adults_female_rural.json|354e599e011c0e37f7a3f453ad85089a|2025-01-01|08:47:32|1735721252|gas_transport|89.55|0|fraud_Kutch, Hermiston and Farrell|45.645374|-113.934877
787-73-9024|3596279071781870|Briana|Middleton|F|661 Burke Green|Conner|MT|59827|45.919|-114.059|300|Financial controller|2003-08-27|852138600639|young_adults_female_rural.json|fb1df71e4a42903ac0bdb25b4cfe90bb|2025-01-01|22:39:41|1735771181|shopping_pos|207.66|0|fraud_Okuneva, Schneider and Rau|45.546575|-113.947363
787-73-9024|3596279071781870|Briana|Middleton|F|661 Burke Green|Conner|MT|59827|45.919|-114.059|300|Financial controller|2003-08-27|852138600639|young_adults_female_rural.json|1233d3820e36a8448517b82956742673|2025-01-02|18:05:33|1735841133|food_dining|137.23|0|fraud_Daugherty-Thompson|46.150272|-113.813076
787-73-9024|3596279071781870|Briana|Middleton|F|661 Burke Green|Conner|MT|59827|45.919|-114.059|300|Financial controller|2003-08-27|852138600639|young_adults_female_rural.json|e5d1c95103cae90fa08246c370f4856e|2025-01-01|21:13:50|1735766030|shopping_pos|1.46|0|fraud_Bernhard, Grant and Langworth|46.282149|-113.866508
808-77-2396|6598454962204958|Sabrina|Conrad|F|0616 Debra Crossing Apt. 916|Galatia|IL|62935|37.8274|-88.6235|1943|Data scientist|2003-12-12|624076894108|young_adults_female_rural.json|511e2140da7a53be44b4f46692ccb3c1|2025-01-02|01:11:37|1735780297|grocery_pos|13.10|1|fraud_Wolf Inc|37.378207|-88.073596
808-77-2396|6598454962204958|Sabrina|Conrad|F|0616 Debra Crossing Apt. 916|Galatia|IL|62935|37.8274|-88.6235|1943|Data scientist|2003-12-12|624076894108|young_adults_female_rural.json|0bd621ab1abb1fde4f7faddff8318016|2025-01-03|02:08:45|1735870125|grocery_pos|12.28|1|fraud_Cartwright-Harris|37.449534|-88.298042
808-77-2396|6598454962204958|Sabrina|Conrad|F|0616 Debra Crossing Apt. 916|Galatia|IL|62935|37.8274|-88.6235|1943|Data scientist|2003-12-12|624076894108|young_adults_female_rural.json|8439c1d31beb7448aff1d187afc5151d|2025-01-02|03:17:32|1735787852|gas_transport|308.36|1|fraud_Schaefer, Maggio and Daugherty|38.651403|-87.758508
808-77-2396|6598454962204958|Sabrina|Conrad|F|0616 Debra Crossing Apt. 916|Galatia|IL|62935|37.8274|-88.6235|1943|Data scientist|2003-12-12|624076894108|young_adults_female_rural.json|ab608d59522ee9a75379cf1fa090f8eb|2025-01-02|03:15:11|1735787711|grocery_pos|292.58|1|fraud_Schamberger-O'Keefe|37.321858|-88.372438
808-77-2396|6598454962204958|Sabrina|Conrad|F|0616 Debra Crossing Apt. 916|Galatia|IL|62935|37.8274|-88.6235|1943|Data scientist|2003-12-12|624076894108|young_adults_female_rural.json|785ee92aafde841cabc7b6eeefb5060e|2025-01-02|01:32:14|1735781534|gas_transport|279.82|1|fraud_Ledner-Pfannerstill|37.510390|-88.872259
808-77-2396|6598454962204958|Sabrina|Conrad|F|0616 Debra Crossing Apt. 916|Galatia|IL|62935|37.8274|-88.6235|1943|Data scientist|2003-12-12|624076894108|young_adults_female_rural.json|f030deedc0edb6c0920f926621798b2a|2025-01-03|22:19:32|1735942772|misc_net|659.48|1|fraud_Lehner, Mosciski and King|37.491352|-88.657485
808-77-2396|6598454962204958|Sabrina|Conrad|F|0616 Debra Crossing Apt. 916|Galatia|IL|62935|37.8274|-88.6235|1943|Data scientist|2003-12-12|624076894108|young_adults_female_rural.json|3ac9ff06f410b36e968cc2ab7aeed026|2025-01-03|22:12:11|1735942331|misc_net|871.34|1|fraud_Rohan, White and Aufderhar|36.869255|-87.967741
808-77-2396|6598454962204958|Sabrina|Conrad|F|0616 Debra Crossing Apt. 916|Galatia|IL|62935|37.8274|-88.6235|1943|Data scientist|2003-12-12|624076894108|young_adults_female_rural.json|2ce9c293fbbcc0974f51e4e81f18e949|2025-01-03|23:37:18|1735947438|shopping_net|842.14|1|fraud_Gleason-Macejkovic|37.070993|-87.995651
808-77-2396|6598454962204958|Sabrina|Conrad|F|0616 Debra Crossing Apt. 916|Galatia|IL|62935|37.8274|-88.6235|1943|Data scientist|2003-12-12|624076894108|young_adults_female_rural.json|223fae1215f0f32f1bb1880bc7f66c68|2025-01-03|22:30:08|1735943408|shopping_net|896.69|1|fraud_Mohr-Bayer|38.199857|-88.889474
808-77-2396|6598454962204958|Sabrina|Conrad|F|0616 Debra Crossing Apt. 916|Galatia|IL|62935|37.8274|-88.6235|1943|Data scientist|2003-12-12|624076894108|young_adults_female_rural.json|3af843b08d4dae71cd5df838d432d3e8|2025-01-03|22:00:58|1735941658|shopping_net|970.93|1|fraud_Gleason-Macejkovic|38.443478|-89.533728
808-77-2396|6598454962204958|Sabrina|Conrad|F|0616 Debra Crossing Apt. 916|Galatia|IL|62935|37.8274|-88.6235|1943|Data scientist|2003-12-12|624076894108|young_adults_female_rural.json|5e4c7f1bcc579842fc6017b0982006ac|2025-01-03|23:16:04|1735946164|shopping_net|1103.50|1|fraud_Labadie, Treutel and Bode|38.139621|-88.910114
808-77-2396|6598454962204958|Sabrina|Conrad|F|0616 Debra Crossing Apt. 916|Galatia|IL|62935|37.8274|-88.6235|1943|Data scientist|2003-12-12|624076894108|young_adults_female_rural.json|073eefac23b33a6a200f6657f9e62009|2025-01-03|22:11:57|1735942317|misc_net|980.54|1|fraud_Kerluke, Considine and Macejkovic|38.198509|-88.401083
808-77-2396|6598454962204958|Sabrina|Conrad|F|0616 Debra Crossing Apt. 916|Galatia|IL|62935|37.8274|-88.6235|1943|Data scientist|2003-12-12|624076894108|young_adults_female_rural.json|f8b593c2b63413c2b0910bd41aabaeef|2025-01-03|23:35:43|1735947343|misc_net|929.61|1|fraud_Koelpin and Sons|38.393699|-88.261808
808-77-2396|6598454962204958|Sabrina|Conrad|F|0616 Debra Crossing Apt. 916|Galatia|IL|62935|37.8274|-88.6235|1943|Data scientist|2003-12-12|624076894108|young_adults_female_rural.json|c66b4c649566e479a7a9790c60847342|2025-01-03|22:53:46|1735944826|shopping_pos|1159.45|1|fraud_Botsford Ltd|37.343409|-88.082724
808-77-2396|6598454962204958|Sabrina|Conrad|F|0616 Debra Crossing Apt. 916|Galatia|IL|62935|37.8274|-88.6235|1943|Data scientist|2003-12-12|624076894108|young_adults_female_rural.json|0e339137efc87d7f706340e3c075253a|2025-01-01|07:10:29|1735715429|gas_transport|56.08|0|fraud_Ledner-Pfannerstill|37.947901|-88.035055
808-77-2396|6598454962204958|Sabrina|Conrad|F|0616 Debra Crossing Apt. 916|Galatia|IL|62935|37.8274|-88.6235|1943|Data scientist|2003-12-12|624076894108|young_adults_female_rural.json|8de34fc984933455ed3db00abf539491|2025-01-01|02:02:51|1735696971|grocery_net|57.63|0|fraud_Kohler, Lindgren and Koelpin|37.806266|-88.173241
808-77-2396|6598454962204958|Sabrina|Conrad|F|0616 Debra Crossing Apt. 916|Galatia|IL|62935|37.8274|-88.6235|1943|Data scientist|2003-12-12|624076894108|young_adults_female_rural.json|543e74d5835ec877a01203016439df98|2025-01-01|22:41:48|1735771308|shopping_net|43.25|0|fraud_Stamm-Witting|38.064252|-87.854526
808-77-2396|6598454962204958|Sabrina|Conrad|F|0616 Debra Crossing Apt. 916|Galatia|IL|62935|37.8274|-88.6235|1943|Data scientist|2003-12-12|624076894108|young_adults_female_rural.json|21af8e78316130eca348a9480d3cb23a|2025-01-01|13:26:05|1735737965|misc_pos|15.72|0|fraud_Maggio-Fahey|37.741944|-87.652796
716-56-3841|3590579210083104|Meghan|Johnson|F|58463 Patrick Lane|Harrisville|NY|13648|44.1613|-75.3252|2424|Patent attorney|2002-11-07|867169956598|young_adults_female_rural.json|92d2744724a878c141190da7aadbda9d|2025-01-02|02:08:13|1735783693|grocery_pos|8.58|1|fraud_Kuhic Inc|45.158544|-75.065077
716-56-3841|3590579210083104|Meghan|Johnson|F|58463 Patrick Lane|Harrisville|NY|13648|44.1613|-75.3252|2424|Patent attorney|2002-11-07|867169956598|young_adults_female_rural.json|cacc3f692eee32e7d6197db0882f403e|2025-01-03|02:00:46|1735869646|grocery_pos|308.46|1|fraud_Koepp-Witting|43.914281|-74.628151
716-56-3841|3590579210083104|Meghan|Johnson|F|58463 Patrick Lane|Harrisville|NY|13648|44.1613|-75.3252|2424|Patent attorney|2002-11-07|867169956598|young_adults_female_rural.json|929668ad0dc4903c97795edb2eb6dd0b|2025-01-02|03:19:17|1735787957|grocery_pos|313.14|1|fraud_Bauch-Raynor|43.814887|-75.781428
716-56-3841|3590579210083104|Meghan|Johnson|F|58463 Patrick Lane|Harrisville|NY|13648|44.1613|-75.3252|2424|Patent attorney|2002-11-07|867169956598|young_adults_female_rural.json|b01c02f55d02c9eaa806a9a2ba3d9eb8|2025-01-02|05:25:43|1735795543|gas_transport|298.88|1|fraud_Sporer Inc|44.908048|-75.605860
716-56-3841|3590579210083104|Meghan|Johnson|F|58463 Patrick Lane|Harrisville|NY|13648|44.1613|-75.3252|2424|Patent attorney|2002-11-07|867169956598|young_adults_female_rural.json|aef410d10709f63e00350055f53dbda6|2025-01-03|22:20:50|1735942850|shopping_net|1058.73|1|fraud_Gottlieb, Considine and Schultz|43.251371|-75.363043
716-56-3841|3590579210083104|Meghan|Johnson|F|58463 Patrick Lane|Harrisville|NY|13648|44.1613|-75.3252|2424|Patent attorney|2002-11-07|867169956598|young_adults_female_rural.json|76ccea46a84ae26eea09d0e2c969a37c|2025-01-03|23:57:25|1735948645|shopping_net|970.74|1|fraud_Reichert, Shanahan and Hayes|43.669301|-76.186589
716-56-3841|3590579210083104|Meghan|Johnson|F|58463 Patrick Lane|Harrisville|NY|13648|44.1613|-75.3252|2424|Patent attorney|2002-11-07|867169956598|young_adults_female_rural.json|1c0886449746a291c9b02947bc1eedab|2025-01-03|22:14:41|1735942481|shopping_net|1105.41|1|fraud_Altenwerth, Cartwright and Koss|45.026309|-76.256827
716-56-3841|3590579210083104|Meghan|Johnson|F|58463 Patrick Lane|Harrisville|NY|13648|44.1613|-75.3252|2424|Patent attorney|2002-11-07|867169956598|young_adults_female_rural.json|df5e97723c7422439cd8baf4d01eb7d7|2025-01-03|23:52:39|1735948359|shopping_net|1046.33|1|fraud_Stamm-Witting|43.718213|-74.362971
558-57-6790|3597366948744105|Christy|Nelson|F|31749 Randy Orchard|Cambria|WI|53923|43.5724|-89.1156|2098|Armed forces training and education officer|2002-11-19|207293886233|young_adults_female_rural.json|49e4174e67b88c46279c7d74b24a62d7|2025-01-02|05:32:29|1735795949|grocery_pos|9.96|1|fraud_Stracke-Lemke|43.001543|-89.542240
558-57-6790|3597366948744105|Christy|Nelson|F|31749 Randy Orchard|Cambria|WI|53923|43.5724|-89.1156|2098|Armed forces training and education officer|2002-11-19|207293886233|young_adults_female_rural.json|3601ef6cc90479fa6be816364113d8e8|2025-01-02|01:17:29|1735780649|grocery_pos|9.90|1|fraud_Cole PLC|43.102456|-88.531131
558-57-6790|3597366948744105|Christy|Nelson|F|31749 Randy Orchard|Cambria|WI|53923|43.5724|-89.1156|2098|Armed forces training and education officer|2002-11-19|207293886233|young_adults_female_rural.json|4894fae0a8e2dbb73684a076b42040aa|2025-01-02|02:12:57|1735783977|grocery_pos|311.07|1|fraud_Bauch-Raynor|43.683060|-88.395463
558-57-6790|3597366948744105|Christy|Nelson|F|31749 Randy Orchard|Cambria|WI|53923|43.5724|-89.1156|2098|Armed forces training and education officer|2002-11-19|207293886233|young_adults_female_rural.json|a8343df1032695d285f3c05c34f65278|2025-01-02|00:06:52|1735776412|gas_transport|258.08|1|fraud_Robel, Cummerata and Prosacco|43.400866|-88.717274
558-57-6790|3597366948744105|Christy|Nelson|F|31749 Randy Orchard|Cambria|WI|53923|43.5724|-89.1156|2098|Armed forces training and education officer|2002-11-19|207293886233|young_adults_female_rural.json|e5f955d4a5df42adef26612f02483798|2025-01-02|03:14:16|1735787656|grocery_pos|306.09|1|fraud_Strosin-Cruickshank|43.412412|-88.964939
558-57-6790|3597366948744105|Christy|Nelson|F|31749 Randy Orchard|Cambria|WI|53923|43.5724|-89.1156|2098|Armed forces training and education officer|2002-11-19|207293886233|young_adults_female_rural.json|94c66ab0802733f8993c33510f9aaa37|2025-01-02|06:33:55|1735799635|grocery_pos|265.82|1|fraud_Hudson-Ratke|43.029000|-89.644140
558-57-6790|3597366948744105|Christy|Nelson|F|31749 Randy Orchard|Cambria|WI|53923|43.5724|-89.1156|2098|Armed forces training and education officer|2002-11-19|207293886233|young_adults_female_rural.json|c196921d41d5641027a58cf8d65d1a6f|2025-01-02|03:26:00|1735788360|grocery_pos|316.09|1|fraud_Bauch-Raynor|44.403367|-89.194628
558-57-6790|3597366948744105|Christy|Nelson|F|31749 Randy Orchard|Cambria|WI|53923|43.5724|-89.1156|2098|Armed forces training and education officer|2002-11-19|207293886233|young_adults_female_rural.json|d373cf4d8e353a1b7fe8f5971657f9cc|2025-01-02|02:55:48|1735786548|gas_transport|317.54|1|fraud_Olson, Becker and Koch|44.013496|-88.467543
558-57-6790|3597366948744105|Christy|Nelson|F|31749 Randy Orchard|Cambria|WI|53923|43.5724|-89.1156|2098|Armed forces training and education officer|2002-11-19|207293886233|young_adults_female_rural.json|5d5ccd0e01fe43fcd627c4344061a8d0|2025-01-03|22:35:12|1735943712|misc_net|731.59|1|fraud_Klocko LLC|43.278309|-89.575535
558-57-6790|3597366948744105|Christy|Nelson|F|31749 Randy Orchard|Cambria|WI|53923|43.5724|-89.1156|2098|Armed forces training and education officer|2002-11-19|207293886233|young_adults_female_rural.json|a4ab317fd5922c79811e989672e9edaf|2025-01-03|22:47:11|1735944431|shopping_net|775.84|1|fraud_Reichert, Shanahan and Hayes|43.665120|-88.396208
558-57-6790|3597366948744105|Christy|Nelson|F|31749 Randy Orchard|Cambria|WI|53923|43.5724|-89.1156|2098|Armed forces training and education officer|2002-11-19|207293886233|young_adults_female_rural.json|a49b8351baea1e2914832fbe2f90a0dd|2025-01-03|22:14:54|1735942494|misc_net|761.39|1|fraud_Herman, Treutel and Dickens|43.771619|-89.201911
558-57-6790|3597366948744105|Christy|Nelson|F|31749 Randy Orchard|Cambria|WI|53923|43.5724|-89.1156|2098|Armed forces training and education officer|2002-11-19|207293886233|young_adults_female_rural.json|68e930d34741d4b10b1c3e3501186f1b|2025-01-03|22:51:52|1735944712|misc_net|1052.50|1|fraud_Ferry, Lynch and Kautzer|43.528580|-88.993324
558-57-6790|3597366948744105|Christy|Nelson|F|31749 Randy Orchard|Cambria|WI|53923|43.5724|-89.1156|2098|Armed forces training and education officer|2002-11-19|207293886233|young_adults_female_rural.json|53b47e924c543d42577992edb58aec35|2025-01-03|22:40:53|1735944053|shopping_pos|897.96|1|fraud_Morissette PLC|44.560874|-88.325000
558-57-6790|3597366948744105|Christy|Nelson|F|31749 Randy Orchard|Cambria|WI|53923|43.5724|-89.1156|2098|Armed forces training and education officer|2002-11-19|207293886233|young_adults_female_rural.json|78c6af6633150391f1ab96221f3816ae|2025-01-03|22:17:35|1735942655|shopping_net|955.89|1|fraud_Langworth, Boehm and Gulgowski|43.369068|-89.754954
558-57-6790|3597366948744105|Christy|Nelson|F|31749 Randy Orchard|Cambria|WI|53923|43.5724|-89.1156|2098|Armed forces training and education officer|2002-11-19|207293886233|young_adults_female_rural.json|e96abb5dfaaa668895ed630f6a6c89fa|2025-01-03|20:13:07|1735935187|shopping_net|1375.20|1|fraud_Heathcote LLC|44.396949|-90.095466
558-57-6790|3597366948744105|Christy|Nelson|F|31749 Randy Orchard|Cambria|WI|53923|43.5724|-89.1156|2098|Armed forces training and education officer|2002-11-19|207293886233|young_adults_female_rural.json|18ea6fd9546a7495f7e03da82d21e039|2025-01-01|22:15:25|1735769725|grocery_pos|80.16|0|fraud_Casper, Hand and Zulauf|44.452731|-88.136283
530-85-5569|4189866643543878|Lisa|Barr|F|675 Lawson Expressway Apt. 442|Prague|NE|68050|41.3036|-96.8301|609|Merchant navy officer|2002-08-22|999020402414|young_adults_female_rural.json|cd947c96749371bdb2a88e9c9d6ff47b|2025-01-02|01:11:18|1735780278|grocery_pos|9.09|1|fraud_Wolf Inc|40.482477|-97.700320
530-85-5569|4189866643543878|Lisa|Barr|F|675 Lawson Expressway Apt. 442|Prague|NE|68050|41.3036|-96.8301|609|Merchant navy officer|2002-08-22|999020402414|young_adults_female_rural.json|169e81c36ace21e84ba099378f1c8e9b|2025-01-02|08:47:29|1735807649|gas_transport|10.16|1|fraud_Parisian and Sons|40.859338|-97.684698
530-85-5569|4189866643543878|Lisa|Barr|F|675 Lawson Expressway Apt. 442|Prague|NE|68050|41.3036|-96.8301|609|Merchant navy officer|2002-08-22|999020402414|young_adults_female_rural.json|56bd9705b23667c186ccd61dce2a5108|2025-01-03|11:14:52|1735902892|misc_net|314.27|1|fraud_Tillman, Fritsch and Schmitt|41.746463|-96.006534
530-85-5569|4189866643543878|Lisa|Barr|F|675 Lawson Expressway Apt. 442|Prague|NE|68050|41.3036|-96.8301|609|Merchant navy officer|2002-08-22|999020402414|young_adults_female_rural.json|7c7588b22dbe920d362d7edf7c7b708c|2025-01-02|02:42:16|1735785736|grocery_net|297.65|1|fraud_Spinka Inc|41.014798|-96.133808
530-85-5569|4189866643543878|Lisa|Barr|F|675 Lawson Expressway Apt. 442|Prague|NE|68050|41.3036|-96.8301|609|Merchant navy officer|2002-08-22|999020402414|young_adults_female_rural.json|1094f4ddb1a4719930e811476cbe43f9|2025-01-02|02:20:24|1735784424|grocery_pos|808.54|1|fraud_Osinski, Ledner and Leuschke|40.742497|-96.990543
530-85-5569|4189866643543878|Lisa|Barr|F|675 Lawson Expressway Apt. 442|Prague|NE|68050|41.3036|-96.8301|609|Merchant navy officer|2002-08-22|999020402414|young_adults_female_rural.json|105e67c08e3daa76921008b5665fa3c7|2025-01-03|22:41:11|1735944071|entertainment|748.07|1|fraud_Donnelly LLC|40.415252|-97.226229
530-85-5569|4189866643543878|Lisa|Barr|F|675 Lawson Expressway Apt. 442|Prague|NE|68050|41.3036|-96.8301|609|Merchant navy officer|2002-08-22|999020402414|young_adults_female_rural.json|03bcfd7c4221b51d01b0990c9ac44ead|2025-01-03|22:36:31|1735943791|shopping_net|771.61|1|fraud_Kuhic, Bins and Pfeffer|41.464747|-96.370823
530-85-5569|4189866643543878|Lisa|Barr|F|675 Lawson Expressway Apt. 442|Prague|NE|68050|41.3036|-96.8301|609|Merchant navy officer|2002-08-22|999020402414|young_adults_female_rural.json|188a2d78423defd92f0421cbc4241cb9|2025-01-03|22:46:54|1735944414|misc_net|6.28|1|fraud_Jones, Sawayn and Romaguera|41.728764|-95.975903
530-85-5569|4189866643543878|Lisa|Barr|F|675 Lawson Expressway Apt. 442|Prague|NE|68050|41.3036|-96.8301|609|Merchant navy officer|2002-08-22|999020402414|young_adults_female_rural.json|8362ef216e70b090492bd0cc9af53fac|2025-01-03|23:58:49|1735948729|entertainment|1003.96|1|fraud_Bauch-Blanda|42.219306|-96.478351
530-85-5569|4189866643543878|Lisa|Barr|F|675 Lawson Expressway Apt. 442|Prague|NE|68050|41.3036|-96.8301|609|Merchant navy officer|2002-08-22|999020402414|young_adults_female_rural.json|7f25a5156374bbdde887f26792061e32|2025-01-03|22:51:21|1735944681|shopping_pos|1081.06|1|fraud_Jewess LLC|41.971552|-96.902391
530-85-5569|4189866643543878|Lisa|Barr|F|675 Lawson Expressway Apt. 442|Prague|NE|68050|41.3036|-96.8301|609|Merchant navy officer|2002-08-22|999020402414|young_adults_female_rural.json|84a97333dcc119f134744caf755254f0|2025-01-03|23:41:24|1735947684|misc_net|1184.29|1|fraud_Herman, Treutel and Dickens|42.009245|-96.212175
530-85-5569|4189866643543878|Lisa|Barr|F|675 Lawson Expressway Apt. 442|Prague|NE|68050|41.3036|-96.8301|609|Merchant navy officer|2002-08-22|999020402414|young_adults_female_rural.json|07a8a1e532951b546db870a2da67dd01|2025-01-03|23:58:42|1735948722|shopping_net|1206.13|1|fraud_Streich, Dietrich and Barton|40.682044|-96.110150
530-85-5569|4189866643543878|Lisa|Barr|F|675 Lawson Expressway Apt. 442|Prague|NE|68050|41.3036|-96.8301|609|Merchant navy officer|2002-08-22|999020402414|young_adults_female_rural.json|9d0ca34a571dfe3ba649bb475bf53c47|2025-01-03|12:50:36|1735908636|shopping_pos|472.58|1|fraud_Lynch Ltd|42.271926|-97.463703
530-85-5569|4189866643543878|Lisa|Barr|F|675 Lawson Expressway Apt. 442|Prague|NE|68050|41.3036|-96.8301|609|Merchant navy officer|2002-08-22|999020402414|young_adults_female_rural.json|3d8d835f769876963bd30a039019acb4|2025-01-03|22:12:57|1735942377|misc_pos|527.45|1|fraud_Maggio-Fahey|41.753903|-96.423808
530-85-5569|4189866643543878|Lisa|Barr|F|675 Lawson Expressway Apt. 442|Prague|NE|68050|41.3036|-96.8301|609|Merchant navy officer|2002-08-22|999020402414|young_adults_female_rural.json|e1a59c1963579f5f7d6117525e8a3d2c|2025-01-03|22:39:32|1735943972|personal_care|465.94|1|fraud_Erdman-Ebert|40.990334|-96.739210
530-85-5569|4189866643543878|Lisa|Barr|F|675 Lawson Expressway Apt. 442|Prague|NE|68050|41.3036|-96.8301|609|Merchant navy officer|2002-08-22|999020402414|young_adults_female_rural.json|97ddeb677dcdd9410a23c2548c96a0e3|2025-01-03|23:09:44|1735945784|entertainment|17.09|1|fraud_Brown-Greenholt|41.192484|-97.249550
530-85-5569|4189866643543878|Lisa|Barr|F|675 Lawson Expressway Apt. 442|Prague|NE|68050|41.3036|-96.8301|609|Merchant navy officer|2002-08-22|999020402414|young_adults_female_rural.json|06941192cbdcd1a9676e09a8c2ac6655|2025-01-01|15:50:27|1735746627|misc_pos|2.94|0|fraud_Spencer-Runolfsson|41.212869|-97.801123
789-25-8826|2262533923464316|Brandy|Perkins|F|527 Mitchell Mountains Apt. 560|Albany|VT|05820|44.7417|-72.3646|662|Dealer|2003-08-19|567679660328|young_adults_female_rural.json|4fb4b98ef0080e1e3094b521fc7404e1|2025-01-02|01:38:59|1735781939|grocery_pos|301.87|1|fraud_Lockman, West and Runte|44.909865|-72.966214
789-25-8826|2262533923464316|Brandy|Perkins|F|527 Mitchell Mountains Apt. 560|Albany|VT|05820|44.7417|-72.3646|662|Dealer|2003-08-19|567679660328|young_adults_female_rural.json|c861f8c859440f2ce98b921701b1638b|2025-01-02|00:02:11|1735776131|grocery_pos|299.30|1|fraud_Bogisich Inc|44.634048|-73.333036
789-25-8826|2262533923464316|Brandy|Perkins|F|527 Mitchell Mountains Apt. 560|Albany|VT|05820|44.7417|-72.3646|662|Dealer|2003-08-19|567679660328|young_adults_female_rural.json|5708b60d2fd6e6de534970bd1e316ee3|2025-01-02|02:25:03|1735784703|grocery_pos|281.53|1|fraud_Hudson-Ratke|44.589981|-72.383118
789-25-8826|2262533923464316|Brandy|Perkins|F|527 Mitchell Mountains Apt. 560|Albany|VT|05820|44.7417|-72.3646|662|Dealer|2003-08-19|567679660328|young_adults_female_rural.json|fa3ffd19e73a2dfcc8050a9eeda5a10a|2025-01-03|08:38:43|1735893523|grocery_pos|289.84|1|fraud_Kilback LLC|44.369731|-71.804407
789-25-8826|2262533923464316|Brandy|Perkins|F|527 Mitchell Mountains Apt. 560|Albany|VT|05820|44.7417|-72.3646|662|Dealer|2003-08-19|567679660328|young_adults_female_rural.json|63563b7a8a79600e5edffd6608873007|2025-01-03|22:11:05|1735942265|shopping_pos|896.00|1|fraud_Haley, Jewess and Bechtelar|45.599564|-72.747096
789-25-8826|2262533923464316|Brandy|Perkins|F|527 Mitchell Mountains Apt. 560|Albany|VT|05820|44.7417|-72.3646|662|Dealer|2003-08-19|567679660328|young_adults_female_rural.json|e68d25ee300e0b4d1d070e00d63787bc|2025-01-03|22:53:48|1735944828|shopping_net|1002.48|1|fraud_Baumbach, Feeney and Morar|44.069250|-72.080833
789-25-8826|2262533923464316|Brandy|Perkins|F|527 Mitchell Mountains Apt. 560|Albany|VT|05820|44.7417|-72.3646|662|Dealer|2003-08-19|567679660328|young_adults_female_rural.json|306b177462d979d2baaffda3a5b1bfb2|2025-01-03|14:22:13|1735914133|shopping_net|876.38|1|fraud_Gottlieb, Considine and Schultz|44.891244|-71.553428
789-25-8826|2262533923464316|Brandy|Perkins|F|527 Mitchell Mountains Apt. 560|Albany|VT|05820|44.7417|-72.3646|662|Dealer|2003-08-19|567679660328|young_adults_female_rural.json|b1964fcd40fcee0754962996794fcb39|2025-01-03|22:02:20|1735941740|shopping_net|1101.44|1|fraud_Zboncak, Rowe and Murazik|44.327884|-73.102893
789-25-8826|2262533923464316|Brandy|Perkins|F|527 Mitchell Mountains Apt. 560|Albany|VT|05820|44.7417|-72.3646|662|Dealer|2003-08-19|567679660328|young_adults_female_rural.json|6d649db125fcf146f27034e747270fad|2025-01-01|02:27:08|1735698428|gas_transport|38.94|0|fraud_Stroman, Hudson and Erdman|45.350128|-73.122050
789-25-8826|2262533923464316|Brandy|Perkins|F|527 Mitchell Mountains Apt. 560|Albany|VT|05820|44.7417|-72.3646|662|Dealer|2003-08-19|567679660328|young_adults_female_rural.json|3728fc453732c6266eed7ab94480353a|2025-01-01|13:59:58|1735739998|misc_pos|31.60|0|fraud_Schmeler Inc|43.901938|-71.958664
789-25-8826|2262533923464316|Brandy|Perkins|F|527 Mitchell Mountains Apt. 560|Albany|VT|05820|44.7417|-72.3646|662|Dealer|2003-08-19|567679660328|young_adults_female_rural.json|916cd172dd0058a22d95ea2cc75b565f|2025-01-01|19:24:36|1735759476|shopping_net|189.10|0|fraud_Gottlieb, Considine and Schultz|43.841007|-72.779384
789-25-8826|2262533923464316|Brandy|Perkins|F|527 Mitchell Mountains Apt. 560|Albany|VT|05820|44.7417|-72.3646|662|Dealer|2003-08-19|567679660328|young_adults_female_rural.json|f3172cd4a5f3495ad03850b5802dc660|2025-01-01|22:36:19|1735770979|misc_pos|8.41|0|fraud_Torp-Lemke|44.703717|-72.795785
789-25-8826|2262533923464316|Brandy|Perkins|F|527 Mitchell Mountains Apt. 560|Albany|VT|05820|44.7417|-72.3646|662|Dealer|2003-08-19|567679660328|young_adults_female_rural.json|5286b0bd60415996d58d40cd44045799|2025-01-01|20:30:23|1735763423|shopping_pos|120.03|0|fraud_Hudson-Grady|43.758534|-73.227673
660-09-0877|6011158847423829|Heidi|Moss|F|44986 Smith Viaduct Apt. 850|Clintondale|NY|12515|41.6749|-74.0557|1549|Environmental consultant|2007-10-08|184332924886|young_adults_female_rural.json|f9debd7f4450bd4e3e1abc84f06b744f|2025-01-02|02:47:45|1735786065|grocery_pos|12.33|1|fraud_Moen, Reinger and Murphy|42.633311|-73.715362
660-09-0877|6011158847423829|Heidi|Moss|F|44986 Smith Viaduct Apt. 850|Clintondale|NY|12515|41.6749|-74.0557|1549|Environmental consultant|2007-10-08|184332924886|young_adults_female_rural.json|e2e84379a672bf53be31fea42cf69a73|2025-01-02|01:51:48|1735782708|grocery_pos|7.88|1|fraud_Barton Inc|42.215086|-73.605266
660-09-0877|6011158847423829|Heidi|Moss|F|44986 Smith Viaduct Apt. 850|Clintondale|NY|12515|41.6749|-74.0557|1549|Environmental consultant|2007-10-08|184332924886|young_adults_female_rural.json|4ae94eb2743964055ce00c5bf4ebcba2|2025-01-02|00:52:21|1735779141|gas_transport|10.51|1|fraud_Friesen-Stamm|41.954465|-73.562379
660-09-0877|6011158847423829|Heidi|Moss|F|44986 Smith Viaduct Apt. 850|Clintondale|NY|12515|41.6749|-74.0557|1549|Environmental consultant|2007-10-08|184332924886|young_adults_female_rural.json|c4a8c9494e0bd7cd9042e0e44ac58db6|2025-01-02|03:26:26|1735788386|grocery_pos|318.58|1|fraud_Kunze Inc|41.690183|-75.008624
660-09-0877|6011158847423829|Heidi|Moss|F|44986 Smith Viaduct Apt. 850|Clintondale|NY|12515|41.6749|-74.0557|1549|Environmental consultant|2007-10-08|184332924886|young_adults_female_rural.json|bf572a54c13500c1392cc8838c493c10|2025-01-02|02:06:38|1735783598|gas_transport|272.16|1|fraud_Parisian and Sons|41.006622|-73.202704
660-09-0877|6011158847423829|Heidi|Moss|F|44986 Smith Viaduct Apt. 850|Clintondale|NY|12515|41.6749|-74.0557|1549|Environmental consultant|2007-10-08|184332924886|young_adults_female_rural.json|56452c82c43fc602dfed5770d4940b7f|2025-01-02|03:25:59|1735788359|grocery_pos|282.73|1|fraud_Kunze Inc|41.156674|-74.411402
660-09-0877|6011158847423829|Heidi|Moss|F|44986 Smith Viaduct Apt. 850|Clintondale|NY|12515|41.6749|-74.0557|1549|Environmental consultant|2007-10-08|184332924886|young_adults_female_rural.json|df2db5e7344d91df3c1c86d084adc58d|2025-01-02|02:10:31|1735783831|grocery_pos|281.93|1|fraud_Kunze Inc|42.094391|-74.456665
660-09-0877|6011158847423829|Heidi|Moss|F|44986 Smith Viaduct Apt. 850|Clintondale|NY|12515|41.6749|-74.0557|1549|Environmental consultant|2007-10-08|184332924886|young_adults_female_rural.json|a1865753b8d8a7ecbcfff7944de20e56|2025-01-02|00:05:42|1735776342|gas_transport|312.49|1|fraud_Bartoletti-Wunsch|41.366144|-73.537565
660-09-0877|6011158847423829|Heidi|Moss|F|44986 Smith Viaduct Apt. 850|Clintondale|NY|12515|41.6749|-74.0557|1549|Environmental consultant|2007-10-08|184332924886|young_adults_female_rural.json|0055de9cf32be9f5f6ae670cde6c3acc|2025-01-03|22:49:40|1735944580|shopping_pos|796.67|1|fraud_Dooley Inc|40.926250|-74.974990
660-09-0877|6011158847423829|Heidi|Moss|F|44986 Smith Viaduct Apt. 850|Clintondale|NY|12515|41.6749|-74.0557|1549|Environmental consultant|2007-10-08|184332924886|young_adults_female_rural.json|66085c5ab42d993e20df2629c1bf233f|2025-01-03|23:17:15|1735946235|misc_pos|784.55|1|fraud_Yost, Block and Koepp|40.744833|-73.135611
660-09-0877|6011158847423829|Heidi|Moss|F|44986 Smith Viaduct Apt. 850|Clintondale|NY|12515|41.6749|-74.0557|1549|Environmental consultant|2007-10-08|184332924886|young_adults_female_rural.json|c9052fc3d0994cff7a537871f7c6e21d|2025-01-03|23:19:11|1735946351|shopping_net|826.12|1|fraud_Volkman-Predovic|41.721415|-73.897259
660-09-0877|6011158847423829|Heidi|Moss|F|44986 Smith Viaduct Apt. 850|Clintondale|NY|12515|41.6749|-74.0557|1549|Environmental consultant|2007-10-08|184332924886|young_adults_female_rural.json|ac0660e71a7b36b0c0eb19c6f579e2e6|2025-01-03|22:33:18|1735943598|misc_net|795.84|1|fraud_Zemlak Group|42.080161|-74.236350
660-09-0877|6011158847423829|Heidi|Moss|F|44986 Smith Viaduct Apt. 850|Clintondale|NY|12515|41.6749|-74.0557|1549|Environmental consultant|2007-10-08|184332924886|young_adults_female_rural.json|f635a6a9df89414877bc44c1ab68f6ef|2025-01-03|22:25:49|1735943149|misc_net|8.54|1|fraud_Kerluke, Kertzmann and Wiza|40.910030|-73.588131
660-09-0877|6011158847423829|Heidi|Moss|F|44986 Smith Viaduct Apt. 850|Clintondale|NY|12515|41.6749|-74.0557|1549|Environmental consultant|2007-10-08|184332924886|young_adults_female_rural.json|6cf64b5a57f958d6631b0a7652efe400|2025-01-03|23:52:13|1735948333|shopping_pos|917.75|1|fraud_Lynch Ltd|42.064883|-74.450859
660-09-0877|6011158847423829|Heidi|Moss|F|44986 Smith Viaduct Apt. 850|Clintondale|NY|12515|41.6749|-74.0557|1549|Environmental consultant|2007-10-08|184332924886|young_adults_female_rural.json|621b4d637dd063d956b2802c0e7ef02e|2025-01-03|22:57:18|1735945038|shopping_net|982.03|1|fraud_Gleason-Macejkovic|41.832803|-73.762651
660-09-0877|6011158847423829|Heidi|Moss|F|44986 Smith Viaduct Apt. 850|Clintondale|NY|12515|41.6749|-74.0557|1549|Environmental consultant|2007-10-08|184332924886|young_adults_female_rural.json|e2aa4e364350e06e1b2a9504f659eed9|2025-01-03|23:47:50|1735948070|misc_net|1153.04|1|fraud_Parisian, Schiller and Altenwerth|42.248203|-74.367050
660-09-0877|6011158847423829|Heidi|Moss|F|44986 Smith Viaduct Apt. 850|Clintondale|NY|12515|41.6749|-74.0557|1549|Environmental consultant|2007-10-08|184332924886|young_adults_female_rural.json|ca67bffed51dec5cc107cf00d171c7e8|2025-01-03|23:47:27|1735948047|misc_net|1246.07|1|fraud_Ruecker Group|42.360190|-73.388538
660-09-0877|6011158847423829|Heidi|Moss|F|44986 Smith Viaduct Apt. 850|Clintondale|NY|12515|41.6749|-74.0557|1549|Environmental consultant|2007-10-08|184332924886|young_adults_female_rural.json|7e0fdf803a67f1e8809695d1837a019e|2025-01-03|22:32:48|1735943568|shopping_pos|1079.14|1|fraud_Haley, Jewess and Bechtelar|40.789456|-73.751035
660-09-0877|6011158847423829|Heidi|Moss|F|44986 Smith Viaduct Apt. 850|Clintondale|NY|12515|41.6749|-74.0557|1549|Environmental consultant|2007-10-08|184332924886|young_adults_female_rural.json|9499ea9f6b85986d53937b3299170330|2025-01-01|01:24:33|1735694673|grocery_net|71.05|0|fraud_Kutch-Hegmann|42.658455|-73.259942
660-09-0877|6011158847423829|Heidi|Moss|F|44986 Smith Viaduct Apt. 850|Clintondale|NY|12515|41.6749|-74.0557|1549|Environmental consultant|2007-10-08|184332924886|young_adults_female_rural.json|fdfc744bad080a9ed6f29eeb7f8658cc|2025-01-01|15:39:28|1735745968|shopping_pos|12.15|0|fraud_Friesen Inc|42.641329|-74.079669
404-29-0659|3589456209920799|Heather|Hurley|F|719 Davis Extension|Okarche|OK|73762|35.7502|-97.93|2156|Dealer|2004-05-20|347549509119|young_adults_female_rural.json|e0d760d5f9bbb177be7be8df631bf4cc|2025-01-02|01:06:26|1735779986|gas_transport|11.33|1|fraud_Sporer Inc|36.007474|-97.147458
404-29-0659|3589456209920799|Heather|Hurley|F|719 Davis Extension|Okarche|OK|73762|35.7502|-97.93|2156|Dealer|2004-05-20|347549509119|young_adults_female_rural.json|12bb4862c77995e04f4db322b9925ac4|2025-01-02|10:46:04|1735814764|grocery_pos|258.49|1|fraud_Goodwin-Nitzsche|35.042857|-97.641755
404-29-0659|3589456209920799|Heather|Hurley|F|719 Davis Extension|Okarche|OK|73762|35.7502|-97.93|2156|Dealer|2004-05-20|347549509119|young_adults_female_rural.json|a0df39fb13a5e3aadb37705e27ed69ca|2025-01-02|03:22:35|1735788155|grocery_pos|277.93|1|fraud_Cole PLC|34.934733|-96.970932
404-29-0659|3589456209920799|Heather|Hurley|F|719 Davis Extension|Okarche|OK|73762|35.7502|-97.93|2156|Dealer|2004-05-20|347549509119|young_adults_female_rural.json|67ea1a3ca4fff0053a06ca095d91227a|2025-01-03|19:58:02|1735934282|shopping_net|856.14|1|fraud_Schmidt and Sons|36.481167|-97.658540
404-29-0659|3589456209920799|Heather|Hurley|F|719 Davis Extension|Okarche|OK|73762|35.7502|-97.93|2156|Dealer|2004-05-20|347549509119|young_adults_female_rural.json|d5389eebb0c8ac104d960fea33ae92e7|2025-01-03|23:01:51|1735945311|travel|9.68|1|fraud_Larson, Quitzon and Spencer|35.903002|-97.727600
404-29-0659|3589456209920799|Heather|Hurley|F|719 Davis Extension|Okarche|OK|73762|35.7502|-97.93|2156|Dealer|2004-05-20|347549509119|young_adults_female_rural.json|c99d4d7d6fe7c8991dfc2df493446265|2025-01-01|21:03:21|1735765401|shopping_net|229.26|0|fraud_Romaguera, Cruickshank and Greenholt|36.086853|-98.731832
404-29-0659|3589456209920799|Heather|Hurley|F|719 Davis Extension|Okarche|OK|73762|35.7502|-97.93|2156|Dealer|2004-05-20|347549509119|young_adults_female_rural.json|aa091a322edfb95335643cf5b9370b91|2025-01-01|20:46:34|1735764394|shopping_pos|1.94|0|fraud_Denesik and Sons|35.462722|-98.685532
404-29-0659|3589456209920799|Heather|Hurley|F|719 Davis Extension|Okarche|OK|73762|35.7502|-97.93|2156|Dealer|2004-05-20|347549509119|young_adults_female_rural.json|d52fe8f2b8ee3bbff28ce99c4014c689|2025-01-01|14:48:15|1735742895|misc_pos|177.16|0|fraud_Dickinson Ltd|35.079286|-97.589773
404-29-0659|3589456209920799|Heather|Hurley|F|719 Davis Extension|Okarche|OK|73762|35.7502|-97.93|2156|Dealer|2004-05-20|347549509119|young_adults_female_rural.json|dd099ca8e4eb6161a64c5367cbd7cae3|2025-01-01|20:27:22|1735763242|misc_net|108.41|0|fraud_Bogisich-Homenick|35.423970|-98.212992
715-07-9168|4526857340582|Jennifer|Finley|F|633 Joshua Ridge|Bridgehampton|NY|11932|40.9339|-72.3077|1398|Sports administrator|2008-10-02|691812140349|young_adults_female_rural.json|7ebdc600d1e7e041129e9fc70a31b20e|2025-01-02|03:15:39|1735787739|grocery_pos|229.74|1|fraud_McDermott-Weimann|40.618722|-73.233769
715-07-9168|4526857340582|Jennifer|Finley|F|633 Joshua Ridge|Bridgehampton|NY|11932|40.9339|-72.3077|1398|Sports administrator|2008-10-02|691812140349|young_adults_female_rural.json|5a0b46f403526b73fac0a9f3aaeef92a|2025-01-02|03:44:50|1735789490|grocery_pos|271.89|1|fraud_Deckow-O'Conner|40.252076|-72.543174
715-07-9168|4526857340582|Jennifer|Finley|F|633 Joshua Ridge|Bridgehampton|NY|11932|40.9339|-72.3077|1398|Sports administrator|2008-10-02|691812140349|young_adults_female_rural.json|7754e653e35173ab0fcb75f314bc77b3|2025-01-03|23:00:01|1735945201|shopping_net|996.58|1|fraud_Kuhic LLC|40.401180|-72.326856
715-07-9168|4526857340582|Jennifer|Finley|F|633 Joshua Ridge|Bridgehampton|NY|11932|40.9339|-72.3077|1398|Sports administrator|2008-10-02|691812140349|young_adults_female_rural.json|3876b06269ad7765a302b0f342697d8a|2025-01-03|22:03:54|1735941834|entertainment|1102.98|1|fraud_Morissette LLC|40.740755|-72.487353
715-07-9168|4526857340582|Jennifer|Finley|F|633 Joshua Ridge|Bridgehampton|NY|11932|40.9339|-72.3077|1398|Sports administrator|2008-10-02|691812140349|young_adults_female_rural.json|6171828306fab7ae8eb33a68595b75a6|2025-01-03|22:45:19|1735944319|shopping_net|463.43|1|fraud_Gottlieb, Considine and Schultz|40.018892|-71.403924
715-07-9168|4526857340582|Jennifer|Finley|F|633 Joshua Ridge|Bridgehampton|NY|11932|40.9339|-72.3077|1398|Sports administrator|2008-10-02|691812140349|young_adults_female_rural.json|15a5b797ebef67701f436ca09b5ec813|2025-01-01|07:18:52|1735715932|grocery_net|65.57|0|fraud_Rempel PLC|40.166022|-72.777574
715-07-9168|4526857340582|Jennifer|Finley|F|633 Joshua Ridge|Bridgehampton|NY|11932|40.9339|-72.3077|1398|Sports administrator|2008-10-02|691812140349|young_adults_female_rural.json|a60caa09b71ce7afb38c2071079835de|2025-01-01|09:19:52|1735723192|gas_transport|33.86|0|fraud_Kutch LLC|40.623756|-71.483410
715-07-9168|4526857340582|Jennifer|Finley|F|633 Joshua Ridge|Bridgehampton|NY|11932|40.9339|-72.3077|1398|Sports administrator|2008-10-02|691812140349|young_adults_female_rural.json|f65305af8d4f95c0e613bfd072f8bd59|2025-01-01|17:42:25|1735753345|shopping_pos|411.03|0|fraud_Pfeffer and Sons|40.874093|-72.374641
715-07-9168|4526857340582|Jennifer|Finley|F|633 Joshua Ridge|Bridgehampton|NY|11932|40.9339|-72.3077|1398|Sports administrator|2008-10-02|691812140349|young_adults_female_rural.json|4bdd764b2843780fb08d33358ae51740|2025-01-01|15:36:04|1735745764|shopping_net|118.62|0|fraud_Medhurst PLC|40.682243|-72.468528
715-07-9168|4526857340582|Jennifer|Finley|F|633 Joshua Ridge|Bridgehampton|NY|11932|40.9339|-72.3077|1398|Sports administrator|2008-10-02|691812140349|young_adults_female_rural.json|72dc6bf8060bd6f4c0b231b4be3821b9|2025-01-01|21:56:13|1735768573|shopping_net|12.46|0|fraud_Price Inc|41.074632|-72.456712
410-61-5765|213164072243501|Amanda|Fitzgerald|F|5869 Mark Squares Suite 096|Grand Coulee|WA|99133|47.9385|-118.9978|1493|Psychologist, forensic|2006-02-23|747137475128|young_adults_female_rural.json|75db07ee9821bdaf9d1936dac8750a04|2025-01-02|02:07:08|1735783628|grocery_pos|14.03|1|fraud_Goodwin-Nitzsche|47.580486|-118.173454
410-61-5765|213164072243501|Amanda|Fitzgerald|F|5869 Mark Squares Suite 096|Grand Coulee|WA|99133|47.9385|-118.9978|1493|Psychologist, forensic|2006-02-23|747137475128|young_adults_female_rural.json|bdf09df0aa3480903499055e647d1e61|2025-01-02|00:01:56|1735776116|grocery_pos|9.02|1|fraud_McDermott-Weimann|48.840234|-118.127179
410-61-5765|213164072243501|Amanda|Fitzgerald|F|5869 Mark Squares Suite 096|Grand Coulee|WA|99133|47.9385|-118.9978|1493|Psychologist, forensic|2006-02-23|747137475128|young_adults_female_rural.json|8591ad32c82e072d6926bd8d02cb49a0|2025-01-02|01:09:33|1735780173|gas_transport|280.63|1|fraud_Corwin-Collins|47.783288|-119.327339
410-61-5765|213164072243501|Amanda|Fitzgerald|F|5869 Mark Squares Suite 096|Grand Coulee|WA|99133|47.9385|-118.9978|1493|Psychologist, forensic|2006-02-23|747137475128|young_adults_female_rural.json|ca34468ac6f662f7e86dad081ed37809|2025-01-02|04:00:16|1735790416|gas_transport|284.67|1|fraud_Greenholt, Jacobi and Gleason|48.455634|-118.175810
410-61-5765|213164072243501|Amanda|Fitzgerald|F|5869 Mark Squares Suite 096|Grand Coulee|WA|99133|47.9385|-118.9978|1493|Psychologist, forensic|2006-02-23|747137475128|young_adults_female_rural.json|71eaf0ea6aaca73e1c31671f0a6e191e|2025-01-03|22:02:50|1735941770|shopping_net|1150.46|1|fraud_Auer-West|48.455808|-119.260597
410-61-5765|213164072243501|Amanda|Fitzgerald|F|5869 Mark Squares Suite 096|Grand Coulee|WA|99133|47.9385|-118.9978|1493|Psychologist, forensic|2006-02-23|747137475128|young_adults_female_rural.json|bc0e202984ea1de627be0d03a58fc4dd|2025-01-03|23:09:04|1735945744|shopping_net|1110.43|1|fraud_Cormier LLC|48.025856|-119.697550
410-61-5765|213164072243501|Amanda|Fitzgerald|F|5869 Mark Squares Suite 096|Grand Coulee|WA|99133|47.9385|-118.9978|1493|Psychologist, forensic|2006-02-23|747137475128|young_adults_female_rural.json|ea6f2f293757f2b28737d8846b49a858|2025-01-03|23:30:31|1735947031|shopping_net|850.09|1|fraud_Ruecker, Beer and Collier|47.105282|-119.236848
410-61-5765|213164072243501|Amanda|Fitzgerald|F|5869 Mark Squares Suite 096|Grand Coulee|WA|99133|47.9385|-118.9978|1493|Psychologist, forensic|2006-02-23|747137475128|young_adults_female_rural.json|73fc7c9c4b57fd7c4fcca85e36ea0e93|2025-01-03|22:40:32|1735944032|shopping_net|1260.70|1|fraud_Hills-Witting|48.658491|-119.470032
410-61-5765|213164072243501|Amanda|Fitzgerald|F|5869 Mark Squares Suite 096|Grand Coulee|WA|99133|47.9385|-118.9978|1493|Psychologist, forensic|2006-02-23|747137475128|young_adults_female_rural.json|43c7dfbe4554ce17fab54e1e24c3ce29|2025-01-03|12:54:02|1735908842|personal_care|760.06|1|fraud_Zulauf LLC|47.245827|-119.321762
410-61-5765|213164072243501|Amanda|Fitzgerald|F|5869 Mark Squares Suite 096|Grand Coulee|WA|99133|47.9385|-118.9978|1493|Psychologist, forensic|2006-02-23|747137475128|young_adults_female_rural.json|567cf659eb11eae6c055d9cdbc14d56f|2025-01-03|23:00:00|1735945200|shopping_net|20.70|1|fraud_Gleason-Macejkovic|47.925433|-119.323034
410-61-5765|213164072243501|Amanda|Fitzgerald|F|5869 Mark Squares Suite 096|Grand Coulee|WA|99133|47.9385|-118.9978|1493|Psychologist, forensic|2006-02-23|747137475128|young_adults_female_rural.json|4eedd8ccf24d12b95b31e816c3011591|2025-01-01|12:50:59|1735735859|misc_net|238.31|0|fraud_Jones, Sawayn and Romaguera|47.221173|-118.033884
445-23-9898|569520401849|Maria|Guzman|F|9156 Washington Burgs|Graymont|IL|61743|40.8757|-88.7817|212|Travel agency manager|2000-11-29|573687170626|young_adults_female_rural.json|fd535d881cbba2ff9aa838733fc85058|2025-01-02|00:08:37|1735776517|grocery_pos|12.12|1|fraud_Bogisich Inc|41.594046|-89.174623
445-23-9898|569520401849|Maria|Guzman|F|9156 Washington Burgs|Graymont|IL|61743|40.8757|-88.7817|212|Travel agency manager|2000-11-29|573687170626|young_adults_female_rural.json|e7fedf31c0852b13483b1e6da8bdb6f2|2025-01-02|00:54:03|1735779243|gas_transport|279.35|1|fraud_Ledner-Pfannerstill|40.320288|-89.736398
445-23-9898|569520401849|Maria|Guzman|F|9156 Washington Burgs|Graymont|IL|61743|40.8757|-88.7817|212|Travel agency manager|2000-11-29|573687170626|young_adults_female_rural.json|a3e4379e6fa0a58df68de39c9cf39964|2025-01-03|23:08:16|1735945696|misc_net|831.40|1|fraud_Bogisich-Homenick|40.327131|-88.962348
445-23-9898|569520401849|Maria|Guzman|F|9156 Washington Burgs|Graymont|IL|61743|40.8757|-88.7817|212|Travel agency manager|2000-11-29|573687170626|young_adults_female_rural.json|cfd2ef0490ebc7823e858ab85c494b8d|2025-01-03|23:33:32|1735947212|shopping_pos|1072.09|1|fraud_Bernhard, Grant and Langworth|40.673165|-89.029473
445-23-9898|569520401849|Maria|Guzman|F|9156 Washington Burgs|Graymont|IL|61743|40.8757|-88.7817|212|Travel agency manager|2000-11-29|573687170626|young_adults_female_rural.json|61a8008c71754e373a7a02eaf5535e61|2025-01-03|22:40:57|1735944057|shopping_net|1155.42|1|fraud_Stanton, Jakubowski and Baumbach|40.314633|-88.497125
445-23-9898|569520401849|Maria|Guzman|F|9156 Washington Burgs|Graymont|IL|61743|40.8757|-88.7817|212|Travel agency manager|2000-11-29|573687170626|young_adults_female_rural.json|58e123ec949d119f4984502345a25e89|2025-01-01|04:34:22|1735706062|grocery_pos|93.30|0|fraud_Kiehn-Emmerich|41.526980|-89.216869
445-23-9898|569520401849|Maria|Guzman|F|9156 Washington Burgs|Graymont|IL|61743|40.8757|-88.7817|212|Travel agency manager|2000-11-29|573687170626|young_adults_female_rural.json|ec210bd37cb94c81a050aa5e70158bcb|2025-01-01|20:31:04|1735763464|misc_net|183.76|0|fraud_Welch Inc|39.889495|-88.863442
445-23-9898|569520401849|Maria|Guzman|F|9156 Washington Burgs|Graymont|IL|61743|40.8757|-88.7817|212|Travel agency manager|2000-11-29|573687170626|young_adults_female_rural.json|db4b0ec550d361002a9e86c702465079|2025-01-01|14:29:29|1735741769|misc_pos|48.01|0|fraud_Cremin, Hamill and Reichel|41.561947|-89.308983
318-75-5781|30040173460494|Vanessa|Scott|F|79545 James Station Suite 446|Grant|CO|80448|39.4612|-105.6583|193|Furniture conservator/restorer|2006-02-19|55647110213|young_adults_female_rural.json|60cdc0e478507ced76f5e6fc56504186|2025-01-02|03:46:21|1735789581|grocery_pos|11.46|1|fraud_Bauch-Raynor|39.327169|-105.164699
318-75-5781|30040173460494|Vanessa|Scott|F|79545 James Station Suite 446|Grant|CO|80448|39.4612|-105.6583|193|Furniture conservator/restorer|2006-02-19|55647110213|young_adults_female_rural.json|cb6860ac6a4b3873175650fbf0df8503|2025-01-02|02:48:57|1735786137|gas_transport|326.05|1|fraud_Olson, Becker and Koch|39.812422|-105.968218
318-75-5781|30040173460494|Vanessa|Scott|F|79545 James Station Suite 446|Grant|CO|80448|39.4612|-105.6583|193|Furniture conservator/restorer|2006-02-19|55647110213|young_adults_female_rural.json|feb2bfd7feae825843ec6deb849f8511|2025-01-03|22:34:13|1735943653|shopping_net|736.38|1|fraud_Altenwerth, Cartwright and Koss|38.852795|-106.503004
318-75-5781|30040173460494|Vanessa|Scott|F|79545 James Station Suite 446|Grant|CO|80448|39.4612|-105.6583|193|Furniture conservator/restorer|2006-02-19|55647110213|young_adults_female_rural.json|6a474601b71ec52a9ddeef439d93e87d|2025-01-03|23:41:37|1735947697|misc_net|976.74|1|fraud_Huel-Langworth|40.333743|-105.672435
318-75-5781|30040173460494|Vanessa|Scott|F|79545 James Station Suite 446|Grant|CO|80448|39.4612|-105.6583|193|Furniture conservator/restorer|2006-02-19|55647110213|young_adults_female_rural.json|e092e4a1c398bf1bc854769a6dd600b7|2025-01-03|23:23:41|1735946621|shopping_pos|1245.88|1|fraud_Baumbach, Strosin and Nicolas|39.051725|-104.933819
318-75-5781|30040173460494|Vanessa|Scott|F|79545 James Station Suite 446|Grant|CO|80448|39.4612|-105.6583|193|Furniture conservator/restorer|2006-02-19|55647110213|young_adults_female_rural.json|b5630e983ab09d2372b8bfde9b4cb570|2025-01-01|04:56:48|1735707408|grocery_net|15.41|0|fraud_Pfeffer LLC|39.136251|-104.717184
318-75-5781|30040173460494|Vanessa|Scott|F|79545 James Station Suite 446|Grant|CO|80448|39.4612|-105.6583|193|Furniture conservator/restorer|2006-02-19|55647110213|young_adults_female_rural.json|004d3d2188aef981df2a12283f9200a1|2025-01-01|20:22:30|1735762950|misc_pos|89.80|0|fraud_Herzog Ltd|39.707589|-105.827724
786-48-1949|376473497643739|Rebecca|Santos|F|115 Mitchell Skyway Suite 877|Ramer|AL|36069|32.0677|-86.2463|1935|Insurance risk surveyor|2003-05-14|544256675918|young_adults_female_rural.json|17913bb1aa3b34c213f14313c44b5e9e|2025-01-02|10:23:24|1735813404|grocery_pos|10.06|1|fraud_Stracke-Lemke|31.533543|-86.323793
786-48-1949|376473497643739|Rebecca|Santos|F|115 Mitchell Skyway Suite 877|Ramer|AL|36069|32.0677|-86.2463|1935|Insurance risk surveyor|2003-05-14|544256675918|young_adults_female_rural.json|036dd68ce6e4cb6e4bd2082a34cc63a8|2025-01-02|01:26:22|1735781182|grocery_net|11.83|1|fraud_Smitham-Schiller|32.335785|-85.946906
786-48-1949|376473497643739|Rebecca|Santos|F|115 Mitchell Skyway Suite 877|Ramer|AL|36069|32.0677|-86.2463|1935|Insurance risk surveyor|2003-05-14|544256675918|young_adults_female_rural.json|6105f930fccec05bd108beff01c3a8c1|2025-01-02|00:06:02|1735776362|gas_transport|256.44|1|fraud_Lind, Huel and McClure|32.915707|-85.299500
786-48-1949|376473497643739|Rebecca|Santos|F|115 Mitchell Skyway Suite 877|Ramer|AL|36069|32.0677|-86.2463|1935|Insurance risk surveyor|2003-05-14|544256675918|young_adults_female_rural.json|504567950dd69f6875f2b7c86efbea82|2025-01-02|00:01:01|1735776061|grocery_pos|302.91|1|fraud_Auer-Mosciski|32.086755|-85.754647
786-48-1949|376473497643739|Rebecca|Santos|F|115 Mitchell Skyway Suite 877|Ramer|AL|36069|32.0677|-86.2463|1935|Insurance risk surveyor|2003-05-14|544256675918|young_adults_female_rural.json|48fe46cd12a25bb0b66daf4d0ab8629a|2025-01-03|01:19:10|1735867150|grocery_pos|347.55|1|fraud_Hackett-Lueilwitz|31.072356|-87.172436
786-48-1949|376473497643739|Rebecca|Santos|F|115 Mitchell Skyway Suite 877|Ramer|AL|36069|32.0677|-86.2463|1935|Insurance risk surveyor|2003-05-14|544256675918|young_adults_female_rural.json|c616f8da680a1cc841474c5929d3d2ed|2025-01-02|08:34:08|1735806848|grocery_pos|326.89|1|fraud_Lockman, West and Runte|32.504152|-86.709794
786-48-1949|376473497643739|Rebecca|Santos|F|115 Mitchell Skyway Suite 877|Ramer|AL|36069|32.0677|-86.2463|1935|Insurance risk surveyor|2003-05-14|544256675918|young_adults_female_rural.json|bb0a8abd6db39d136f76b4e1a3c694c0|2025-01-03|01:21:10|1735867270|grocery_pos|298.70|1|fraud_Mosciski, Gislason and Mertz|32.741642|-85.495140
786-48-1949|376473497643739|Rebecca|Santos|F|115 Mitchell Skyway Suite 877|Ramer|AL|36069|32.0677|-86.2463|1935|Insurance risk surveyor|2003-05-14|544256675918|young_adults_female_rural.json|d0657907628b8c5e257f18364f7d1094|2025-01-02|01:01:38|1735779698|grocery_pos|300.49|1|fraud_Goldner, Kovacek and Abbott|31.736262|-85.626408
786-48-1949|376473497643739|Rebecca|Santos|F|115 Mitchell Skyway Suite 877|Ramer|AL|36069|32.0677|-86.2463|1935|Insurance risk surveyor|2003-05-14|544256675918|young_adults_female_rural.json|1b42d77c55dfcaa78961b39aea1709d8|2025-01-03|05:43:08|1735882988|misc_net|813.87|1|fraud_Lehner, Mosciski and King|32.881354|-86.936312
786-48-1949|376473497643739|Rebecca|Santos|F|115 Mitchell Skyway Suite 877|Ramer|AL|36069|32.0677|-86.2463|1935|Insurance risk surveyor|2003-05-14|544256675918|young_adults_female_rural.json|39185054b50c3ebbd8d4b2ab31799f38|2025-01-03|05:56:02|1735883762|misc_net|749.65|1|fraud_Greenfelder, Bartoletti and Davis|32.870251|-86.461645
786-48-1949|376473497643739|Rebecca|Santos|F|115 Mitchell Skyway Suite 877|Ramer|AL|36069|32.0677|-86.2463|1935|Insurance risk surveyor|2003-05-14|544256675918|young_adults_female_rural.json|942af3a3cd48a643c4d084d66215f429|2025-01-03|23:00:45|1735945245|shopping_net|8.37|1|fraud_Lemke-Gutmann|32.618133|-85.415205
786-48-1949|376473497643739|Rebecca|Santos|F|115 Mitchell Skyway Suite 877|Ramer|AL|36069|32.0677|-86.2463|1935|Insurance risk surveyor|2003-05-14|544256675918|young_adults_female_rural.json|e6216de39e7824d31ab2ef757a6132bc|2025-01-03|23:26:06|1735946766|shopping_pos|6.36|1|fraud_Kuhn LLC|31.262267|-86.985014
786-48-1949|376473497643739|Rebecca|Santos|F|115 Mitchell Skyway Suite 877|Ramer|AL|36069|32.0677|-86.2463|1935|Insurance risk surveyor|2003-05-14|544256675918|young_adults_female_rural.json|f1d4162613b97c01654c4e2851740bb1|2025-01-03|23:20:11|1735946411|shopping_net|1038.69|1|fraud_Heathcote LLC|32.499275|-87.166453
786-48-1949|376473497643739|Rebecca|Santos|F|115 Mitchell Skyway Suite 877|Ramer|AL|36069|32.0677|-86.2463|1935|Insurance risk surveyor|2003-05-14|544256675918|young_adults_female_rural.json|6209fef24273a4538dca35fd0c4947c4|2025-01-03|23:02:33|1735945353|shopping_net|932.96|1|fraud_Medhurst PLC|31.444394|-86.967390
786-48-1949|376473497643739|Rebecca|Santos|F|115 Mitchell Skyway Suite 877|Ramer|AL|36069|32.0677|-86.2463|1935|Insurance risk surveyor|2003-05-14|544256675918|young_adults_female_rural.json|e0f6ce4df7243ecdd72cbe81d629968a|2025-01-03|23:53:32|1735948412|misc_pos|830.44|1|fraud_McDermott-Rice|33.010915|-86.902422
786-48-1949|376473497643739|Rebecca|Santos|F|115 Mitchell Skyway Suite 877|Ramer|AL|36069|32.0677|-86.2463|1935|Insurance risk surveyor|2003-05-14|544256675918|young_adults_female_rural.json|b2068bf6da4f46bfb7f02e62da61770e|2025-01-03|22:48:55|1735944535|misc_pos|985.87|1|fraud_Herzog Ltd|32.990829|-86.834379
786-48-1949|376473497643739|Rebecca|Santos|F|115 Mitchell Skyway Suite 877|Ramer|AL|36069|32.0677|-86.2463|1935|Insurance risk surveyor|2003-05-14|544256675918|young_adults_female_rural.json|0950119ada29fb1e763880dae3f40b5d|2025-01-03|23:33:33|1735947213|shopping_net|1138.92|1|fraud_Medhurst PLC|31.309052|-86.823364
786-48-1949|376473497643739|Rebecca|Santos|F|115 Mitchell Skyway Suite 877|Ramer|AL|36069|32.0677|-86.2463|1935|Insurance risk surveyor|2003-05-14|544256675918|young_adults_female_rural.json|dadb5debb0613e0f085e922bafb9395d|2025-01-03|23:53:20|1735948400|shopping_pos|1170.32|1|fraud_Dooley Inc|32.134577|-85.929150
